No,ID_Person,Event,Start,End
1,Ario Hendy,Kegiatan A,1-Jan-2021,2-Jan-2021
2,Revi Yati,Kegiatan A,1-Jan-2021,2-Jan-2021
3,Fajar Elvin Bisri,Kegiatan A,1-Jan-2021,2-Jan-2021
4,Sarah Husnah,Kegiatan B,5-Jan-2021,5-Jan-2021
5,Ario Hendy,Kegiatan C,1-Feb-2021,3-Feb-2021
6,Revi Yati,Kegiatan D,2-Feb-2021,2-Feb-2021
7,Ario Hendy,Kegiatan E,3-Feb-2021,3-Feb-2021
8,Sarah Husnah,Kegiatan E,3-Feb-2021,3-Feb-2021
9,Jesica Rais,Kegiatan E,3-Feb-2021,3-Feb-2021
10,Revi Yati,Kegiatan F,3-Feb-2021,8-Feb-2021
11,Fajar Elvin Bisri,Kegiatan F,3-Feb-2021,8-Feb-2021
12,Sarah Husnah,Kegiatan F,3-Feb-2021,8-Feb-2021
13,Ario Hendy,Kegiatan G,12-Feb-2021,13-Feb-2021
14,Revi Yati,Kegiatan H,1-Mar-2021,20-Mar-2021
15,Sarah Husnah,Kegiatan I,1-Apr-2021,5-Apr-2021
16,Jesica Rais,Kegiatan I,1-Apr-2021,5-Apr-2021
17,Ario Hendy,Kegiatan J,4-Apr-2021,6-Apr-2021
18,Revi Yati,Kegiatan K,5-Apr-2021,6-Apr-2021
19,Sarah Husnah,Kegiatan K,5-Apr-2021,6-Apr-2021
20,Ario Hendy,Kegiatan L,6-Apr-2021,6-Apr-2021
21,Revi Yati,Kegiatan M,10-Apr-2021,15-Apr-2021
22,Fajar Elvin Bisri,Kegiatan N,1-May-2021,20-May-2021
23,Sarah Husnah,Kegiatan O,1-May-2021,1-May-2021
24,Revi Yati,Kegiatan P,2-May-2021,4-May-2021
25,Ario Hendy,Kegiatan Q,4-May-2021,4-May-2021
26,Revi Yati,Kegiatan Q,4-May-2021,4-May-2021
27,Fajar Elvin Bisri,Kegiatan Q,4-May-2021,4-May-2021
28,Sarah Husnah,Kegiatan Q,4-May-2021,4-May-2021
29,Ario Hendy,Kegiatan R,10-May-2021,10-May-2021
30,Revi Yati,Kegiatan S,20-May-2021,21-May-2021